<?xml version="1.0" encoding="UTF-8"?>
<dependencies>
	<androidPackages>
		<androidPackage spec="com.android.support:support-annotations:+" />
		<androidPackage spec="com.google.android.gms:play-services-appset:16.0.2" />
		<androidPackage spec="com.google.android.gms:play-services-ads-identifier:18.0.1" />
		<androidPackage spec="com.google.android.gms:play-services-base:18.0.1" />
		<androidPackage spec="com.google.android.gms:play-services-basement:18.0.1" />
		<androidPackage spec="com.google.android.gms:play-services-tasks:18.0.1" />
		<androidPackage spec="com.android.installreferrer:installreferrer:2.2" />
	</androidPackages>
</dependencies>
